{
 "Diamond Princess":{
  "0":0.003711
 },
 "MS Zaandam":{
  "0":0.002
 },
 "Kosovo":{
  "0":1.810463
 },
 "Turks and Caicos islands":{
  "0":0.032
 },
 "West Bank and Gaza":{
  "0":1
 },
 "China":{
  "0":1433.783686
 },
 "India":{
  "0":1366.417754
 },
 "United States":{
  "0":329.064917
 },
 "Indonesia":{
  "0":270.625568
 },
 "Pakistan":{
  "0":216.565318
 },
 "Brazil":{
  "0":211.049527
 },
 "Nigeria":{
  "0":200.963599
 },
 "Bangladesh":{
  "0":163.046161
 },
 "Russia":{
  "0":145.872256
 },
 "Mexico":{
  "0":127.575529
 },
 "Japan":{
  "0":126.860301
 },
 "Ethiopia":{
  "0":112.07873
 },
 "Philippines":{
  "0":108.116615
 },
 "Egypt":{
  "0":100.388073
 },
 "Vietnam":{
  "0":96.462106
 },
 "DR Congo":{
  "0":86.790567
 },
 "Germany":{
  "0":83.517045
 },
 "Turkey":{
  "0":83.429615
 },
 "Iran":{
  "0":82.913906
 },
 "Thailand":{
  "0":69.625582
 },
 "United Kingdom":{
  "0":67.530172
 },
 "France":{
  "0":65.129728
 },
 "Italy":{
  "0":60.550075
 },
 "South Africa":{
  "0":58.55827
 },
 "Tanzania":{
  "0":58.005463
 },
 "Myanmar":{
  "0":54.04542
 },
 "Kenya":{
  "0":52.573973
 },
 "South Korea":{
  "0":51.225308
 },
 "Colombia":{
  "0":50.339443
 },
 "Spain":{
  "0":46.736776
 },
 "Argentina":{
  "0":44.780677
 },
 "Uganda":{
  "0":44.269594
 },
 "Ukraine":{
  "0":43.993638
 },
 "Algeria":{
  "0":43.053054
 },
 "Sudan":{
  "0":42.813238
 },
 "Iraq":{
  "0":39.309783
 },
 "Afghanistan":{
  "0":38.041754
 },
 "Poland":{
  "0":37.887768
 },
 "Canada":{
  "0":37.411047
 },
 "Morocco":{
  "0":36.471769
 },
 "Saudi Arabia":{
  "0":34.268528
 },
 "Uzbekistan":{
  "0":32.981716
 },
 "Peru":{
  "0":32.510453
 },
 "Malaysia":{
  "0":31.949777
 },
 "Angola":{
  "0":31.825295
 },
 "Ghana":{
  "0":30.417856
 },
 "Mozambique":{
  "0":30.366036
 },
 "Yemen":{
  "0":29.161922
 },
 "Nepal":{
  "0":28.60871
 },
 "Venezuela":{
  "0":28.515829
 },
 "Madagascar":{
  "0":26.969307
 },
 "Cameroon":{
  "0":25.87638
 },
 "Ivory Coast":{
  "0":25.716544
 },
 "North Korea":{
  "0":25.666161
 },
 "Australia":{
  "0":25.203198
 },
 "Taiwan":{
  "0":23.773876
 },
 "Niger":{
  "0":23.310715
 },
 "Sri Lanka":{
  "0":21.323733
 },
 "Burkina Faso":{
  "0":20.321378
 },
 "Mali":{
  "0":19.658031
 },
 "Romania":{
  "0":19.364557
 },
 "Chile":{
  "0":18.952038
 },
 "Malawi":{
  "0":18.628747
 },
 "Kazakhstan":{
  "0":18.551427
 },
 "Zambia":{
  "0":17.86103
 },
 "Guatemala":{
  "0":17.581472
 },
 "Ecuador":{
  "0":17.373662
 },
 "Netherlands":{
  "0":17.09713
 },
 "Syria":{
  "0":17.070135
 },
 "Cambodia":{
  "0":16.486542
 },
 "Senegal":{
  "0":16.296364
 },
 "Chad":{
  "0":15.946876
 },
 "Somalia":{
  "0":15.442905
 },
 "Zimbabwe":{
  "0":14.645468
 },
 "Guinea":{
  "0":12.771246
 },
 "Rwanda":{
  "0":12.62695
 },
 "Benin":{
  "0":11.801151
 },
 "Tunisia":{
  "0":11.694719
 },
 "Belgium":{
  "0":11.539328
 },
 "Burundi":{
  "0":11.53058
 },
 "Bolivia":{
  "0":11.5131
 },
 "Cuba":{
  "0":11.333483
 },
 "Haiti":{
  "0":11.263077
 },
 "South Sudan":{
  "0":11.062113
 },
 "Dominican Republic":{
  "0":10.738958
 },
 "Czech Republic":{
  "0":10.689209
 },
 "Greece":{
  "0":10.473455
 },
 "Portugal":{
  "0":10.226187
 },
 "Jordan":{
  "0":10.101694
 },
 "Azerbaijan":{
  "0":10.047718
 },
 "Sweden":{
  "0":10.036379
 },
 "United Arab Emirates":{
  "0":9.770529
 },
 "Honduras":{
  "0":9.746117
 },
 "Hungary":{
  "0":9.684679
 },
 "Belarus":{
  "0":9.452411
 },
 "Tajikistan":{
  "0":9.321018
 },
 "Austria":{
  "0":8.955102
 },
 "Papua New Guinea":{
  "0":8.776109
 },
 "Serbia":{
  "0":8.772235
 },
 "Switzerland":{
  "0":8.591365
 },
 "Israel":{
  "0":8.519377
 },
 "Togo":{
  "0":8.082366
 },
 "Sierra Leone":{
  "0":7.813215
 },
 "Hong Kong":{
  "0":7.436154
 },
 "Laos":{
  "0":7.169455
 },
 "Paraguay":{
  "0":7.044636
 },
 "Bulgaria":{
  "0":7.000119
 },
 "Lebanon":{
  "0":6.855713
 },
 "Libya":{
  "0":6.777452
 },
 "Nicaragua":{
  "0":6.545502
 },
 "El Salvador":{
  "0":6.453553
 },
 "Kyrgyzstan":{
  "0":6.41585
 },
 "Turkmenistan":{
  "0":5.942089
 },
 "Singapore":{
  "0":5.804337
 },
 "Denmark":{
  "0":5.771876
 },
 "Finland":{
  "0":5.532156
 },
 "Slovakia":{
  "0":5.457013
 },
 "Republic of the Congo":{
  "0":5.380508
 },
 "Norway":{
  "0":5.378857
 },
 "Costa Rica":{
  "0":5.047561
 },
 "Palestine":{
  "0":4.98142
 },
 "Oman":{
  "0":4.974986
 },
 "Liberia":{
  "0":4.937374
 },
 "Ireland":{
  "0":4.882495
 },
 "New Zealand":{
  "0":4.783063
 },
 "Central African Republic":{
  "0":4.745185
 },
 "Mauritania":{
  "0":4.525696
 },
 "Panama":{
  "0":4.246439
 },
 "Kuwait":{
  "0":4.207083
 },
 "Croatia":{
  "0":4.130304
 },
 "Moldova":{
  "0":4.043263
 },
 "Georgia":{
  "0":3.996765
 },
 "Eritrea":{
  "0":3.497117
 },
 "Uruguay":{
  "0":3.461734
 },
 "Bosnia and Herzegovina":{
  "0":3.301
 },
 "Mongolia":{
  "0":3.225167
 },
 "Armenia":{
  "0":2.957731
 },
 "Jamaica":{
  "0":2.948279
 },
 "Puerto Rico":{
  "0":2.933408
 },
 "Albania":{
  "0":2.880917
 },
 "Qatar":{
  "0":2.832067
 },
 "Lithuania":{
  "0":2.759627
 },
 "Namibia":{
  "0":2.49453
 },
 "Gambia":{
  "0":2.347706
 },
 "Botswana":{
  "0":2.303697
 },
 "Gabon":{
  "0":2.172579
 },
 "Lesotho":{
  "0":2.125268
 },
 "Macedonia":{
  "0":2.083459
 },
 "Slovenia":{
  "0":2.078654
 },
 "Guinea-Bissau":{
  "0":1.920922
 },
 "Latvia":{
  "0":1.906743
 },
 "Bahrain":{
  "0":1.641172
 },
 "Trinidad and Tobago":{
  "0":1.394973
 },
 "Equatorial Guinea":{
  "0":1.355986
 },
 "Estonia":{
  "0":1.325648
 },
 "Timor-Leste":{
  "0":1.293119
 },
 "Mauritius":{
  "0":1.269668
 },
 "Cyprus":{
  "0":1.198575
 },
 "Swaziland":{
  "0":1.14813
 },
 "Djibouti":{
  "0":0.97356
 },
 "Fiji":{
  "0":0.889953
 },
 "Reunion":{
  "0":0.888927
 },
 "Comoros":{
  "0":0.850886
 },
 "Guyana":{
  "0":0.782766
 },
 "Bhutan":{
  "0":0.763092
 },
 "Solomon Islands":{
  "0":0.669823
 },
 "Macau":{
  "0":0.640445
 },
 "Montenegro":{
  "0":0.627987
 },
 "Luxembourg":{
  "0":0.615729
 },
 "Western Sahara":{
  "0":0.582463
 },
 "Suriname":{
  "0":0.581372
 },
 "Cape Verde":{
  "0":0.549935
 },
 "Maldives":{
  "0":0.530953
 },
 "Malta":{
  "0":0.440372
 },
 "Brunei":{
  "0":0.433285
 },
 "Guadeloupe":{
  "0":0.400056
 },
 "Belize":{
  "0":0.390353
 },
 "Bahamas":{
  "0":0.389482
 },
 "Martinique":{
  "0":0.375554
 },
 "Iceland":{
  "0":0.339031
 },
 "Vanuatu":{
  "0":0.299882
 },
 "French Guiana":{
  "0":0.290832
 },
 "Barbados":{
  "0":0.287025
 },
 "New Caledonia":{
  "0":0.28275
 },
 "French Polynesia":{
  "0":0.279287
 },
 "Mayotte":{
  "0":0.26615
 },
 "Sao Tome and Principe":{
  "0":0.215056
 },
 "Samoa":{
  "0":0.197097
 },
 "Saint Lucia":{
  "0":0.18279
 },
 "Guam":{
  "0":0.167294
 },
 "Curacao":{
  "0":0.163424
 },
 "Kiribati":{
  "0":0.117606
 },
 "Micronesia":{
  "0":0.113815
 },
 "Grenada":{
  "0":0.112003
 },
 "Saint Vincent and the Grenadines":{
  "0":0.110589
 },
 "Aruba":{
  "0":0.106314
 },
 "United States Virgin Islands":{
  "0":0.104578
 },
 "Tonga":{
  "0":0.104494
 },
 "Seychelles":{
  "0":0.097739
 },
 "Antigua and Barbuda":{
  "0":0.097118
 },
 "Isle of Man":{
  "0":0.084584
 },
 "Andorra":{
  "0":0.077142
 },
 "Dominica":{
  "0":0.071808
 },
 "Cayman Islands":{
  "0":0.064948
 },
 "Bermuda":{
  "0":0.062506
 },
 "Marshall Islands":{
  "0":0.058791
 },
 "Northern Mariana Islands":{
  "0":0.057216
 },
 "Greenland":{
  "0":0.056672
 },
 "American Samoa":{
  "0":0.055312
 },
 "Saint Kitts and Nevis":{
  "0":0.052823
 },
 "Faroe Islands":{
  "0":0.048678
 },
 "Sint Maarten":{
  "0":0.042388
 },
 "Monaco":{
  "0":0.038964
 },
 "Turks and Caicos Islands":{
  "0":0.038191
 },
 "Liechtenstein":{
  "0":0.038019
 },
 "Saint Martin":{
  "0":0.038002
 },
 "San Marino":{
  "0":0.03386
 },
 "Gibraltar":{
  "0":0.033701
 },
 "British Virgin Islands":{
  "0":0.03003
 },
 "Palau":{
  "0":0.018008
 },
 "Cook Islands":{
  "0":0.017548
 },
 "Anguilla":{
  "0":0.014869
 },
 "Tuvalu":{
  "0":0.011646
 },
 "Wallis and Futuna":{
  "0":0.011432
 },
 "Nauru":{
  "0":0.010756
 },
 "Saint Barth\u00e9lemy":{
  "0":0.009847
 },
 "Saint Pierre and Miquelon":{
  "0":0.005822
 },